year_id,team_abbr,games,margin,source
1947,BOS,60,-4.883333333333334,538
1947,CHS,61,3.639344262295082,538
1947,CLR,60,-0.9333333333333333,538
1947,DTF,60,-2.0,538
1947,NYK,60,0.65,538
1947,PHW,60,3.4833333333333334,538
1947,PIT,60,-6.383333333333334,538
1947,PRO,60,-1.6833333333333333,538
1947,STB,61,2.5245901639344264,538
1947,TRH,60,-4.416666666666667,538
1947,WSC,60,9.9,538
1948,BLB,48,3.8541666666666665,538
1948,BOS,48,-3.9166666666666665,538
1948,CHS,48,2.6458333333333335,538
1948,NYK,48,3.1458333333333335,538
1948,PHW,48,1.2708333333333333,538
1948,PRO,48,-11.5625,538
1948,STB,48,2.0208333333333335,538
1948,WSC,48,2.5416666666666665,538
1949,BLB,60,1.3833333333333333,538
1949,BOS,60,-2.9166666666666665,538
1949,CHS,60,4.0,538
1949,FTW,60,-3.2333333333333334,538
1949,INJ,60,-4.716666666666667,538
1949,MNL,60,7.383333333333334,538
1949,NYK,60,1.4833333333333334,538
1949,PHW,60,0.35,538
1949,PRO,60,-9.166666666666666,538
1949,ROC,60,6.633333333333334,538
1949,STB,60,-3.6333333333333333,538
1949,WSC,60,2.433333333333333,538
1950,AND,64,3.796875,538
1950,BLB,68,-5.588235294117647,538
1950,BOS,68,-2.514705882352941,538
1950,CHS,68,1.6029411764705883,538
1950,DNN,62,-11.483870967741936,538
1950,FTW,68,1.3676470588235294,538
1950,INO,64,3.734375,538
1950,MNL,68,8.338235294117647,538
1950,NYK,68,2.1176470588235294,538
1950,PHW,68,-3.1029411764705883,538
1950,ROC,68,7.764705882352941,538
1950,SHE,62,-5.403225806451613,538
1950,STB,68,-2.823529411764706,538
1950,SYR,64,8.171875,538
1950,TRI,64,-0.59375,538
1950,WAT,62,-5.532258064516129,538
1950,WSC,68,-0.9411764705882353,538
1951,BLB,66,-2.287878787878788,538
1951,BOS,69,-0.2608695652173913,538
1951,FTW,68,-1.8823529411764706,538
1951,INO,68,-2.3676470588235294,538
1951,MNL,68,5.411764705882353,538
1951,NYK,66,0.42424242424242425,538
1951,PHW,66,3.757575757575758,538
1951,ROC,68,2.985294117647059,538
1951,SYR,66,0.5303030303030303,538
1951,TRI,68,-3.7794117647058822,538
1951,WSC,35,-4.771428571428571,538
1952,BLB,66,-7.515151515151516,538
1952,BOS,66,4.075757575757576,538
1952,FTW,66,-2.0454545454545454,538
1952,INO,66,0.12121212121212122,538
1952,MLH,66,-7.96969696969697,538
1952,MNL,66,6.03030303030303,538
1952,NYK,66,0.7424242424242424,538
1952,PHW,66,-1.2424242424242424,538
1952,ROC,66,3.3484848484848486,538
1952,SYR,66,4.454545454545454,538
1953,BLB,70,-6.414285714285715,538
1953,BOS,71,2.3661971830985915,538
1953,FTW,69,-0.11594202898550725,538
1953,INO,71,-2.788732394366197,538
1953,MLH,71,-3.0,538
1953,MNL,70,6.128571428571429,538
1953,NYK,70,5.228571428571429,538
1953,PHW,69,-8.652173913043478,538
1953,ROC,70,2.8,538
1953,SYR,71,4.309859154929577,538
1954,BLB,72,-6.763888888888889,538
1954,BOS,72,2.2916666666666665,538
1954,FTW,72,1.625,538
1954,MLH,72,-5.291666666666667,538
1954,MNL,72,3.0555555555555554,538
1954,NYK,72,-0.1388888888888889,538
1954,PHW,72,-2.111111111111111,538
1954,ROC,72,2.4305555555555554,538
1954,SYR,72,4.902777777777778,538
1955,BOS,72,-0.08333333333333333,538
1955,FTW,72,2.388888888888889,538
1955,MLH,72,-3.0555555555555554,538
1955,MNL,72,1.1666666666666667,538
1955,NYK,72,0.08333333333333333,538
1955,PHW,72,-0.2638888888888889,538
1955,ROC,72,-1.625,538
1955,SYR,72,1.3888888888888888,538
1956,BOS,72,0.6527777777777778,538
1956,FTW,72,0.7083333333333334,538
1956,MNL,72,-0.8888888888888888,538
1956,NYK,72,-0.4166666666666667,538
1956,PHW,72,4.263888888888889,538
1956,ROC,72,-2.861111111111111,538
1956,STL,72,-1.4722222222222223,538
1956,SYR,72,0.013888888888888888,538
1957,BOS,72,5.361111111111111,538
1957,FTW,72,-2.3055555555555554,538
1957,MNL,72,-0.8055555555555556,538
1957,NYK,72,-0.1388888888888889,538
1957,PHW,72,1.5833333333333333,538
1957,ROC,72,-2.1944444444444446,538
1957,STL,72,-0.08333333333333333,538
1957,SYR,72,-1.4166666666666667,538
1958,BOS,72,5.486111111111111,538
1958,CIN,72,-1.3472222222222223,538
1958,DET,72,-2.3472222222222223,538
1958,MNL,72,-6.375,538
1958,NYK,72,1.2083333333333333,538
1958,PHW,72,-0.125,538
1958,STL,72,1.3194444444444444,538
1958,SYR,72,2.1805555555555554,538
1959,BOS,72,6.486111111111111,538
1959,CIN,72,-8.875,538
1959,DET,72,-1.2638888888888888,538
1959,MNL,72,-1.3333333333333333,538
1959,NYK,72,0.25,538
1959,PHW,72,-3.0,538
1959,STL,72,3.6944444444444446,538
1959,SYR,72,4.041666666666667,538
1960,BOS,75,8.32,538
1960,CIN,75,-6.32,538
1960,DET,75,-3.4266666666666667,538
1960,MNL,75,-4.226666666666667,538
1960,NYK,75,-2.3066666666666666,538
1960,PHW,75,2.6266666666666665,538
1960,STL,75,2.7066666666666666,538
1960,SYR,75,2.6266666666666665,538
1961,BOS,79,5.658227848101266,538
1961,CIN,79,-3.4556962025316458,538
1961,DET,79,-2.3797468354430378,538
1961,LAL,79,-0.05063291139240506,538
1961,NYK,79,-6.417721518987341,538
1961,PHW,79,0.9367088607594937,538
1961,STL,79,3.5569620253164556,538
1961,SYR,79,2.151898734177215,538
1962,BOS,80,9.2375,538
1962,CHP,80,-8.4875,538
1962,CIN,80,1.7625,538
1962,DET,80,-1.6875,538
1962,LAL,80,2.2,538
1962,NYK,80,-4.8375,538
1962,PHW,80,2.775,538
1962,STL,80,-3.275,538
1962,SYR,80,2.3125,538
1963,BOS,80,7.175,538
1963,CHZ,80,-4.0875,538
1963,CIN,80,1.2625,538
1963,DET,80,-3.7,538
1963,LAL,80,3.125,538
1963,NYK,80,-7.25,538
1963,SFW,80,-2.0875,538
1963,STL,80,1.775,538
1963,SYR,80,3.7875,538
1964,BAL,80,-1.7875,538
1964,BOS,80,7.9,538
1964,CIN,80,5.075,538
1964,DET,80,-7.725,538
1964,LAL,80,1.0,538
1964,NYK,80,-6.8125,538
1964,PHI,80,-4.3875,538
1964,SFW,80,5.1375,538
1964,STL,80,1.6,538
1965,BAL,80,-2.2125,538
1965,BOS,80,8.3875,538
1965,CIN,80,2.3,538
1965,DET,80,-3.4125,538
1965,LAL,80,1.9125,538
1965,NYK,80,-3.6625,538
1965,PHI,80,-0.15,538
1965,SFW,80,-6.175,538
1965,STL,80,3.0125,538
1966,BAL,80,-1.1875,538
1966,BOS,80,4.8875,538
1966,CIN,80,1.1625,538
1966,DET,80,-6.825,538
1966,LAL,80,3.1,538
1966,NYK,80,-2.6,538
1966,PHI,80,4.675,538
1966,SFW,80,-2.65,538
1966,STL,80,-0.5625,538
1967,BAL,81,-6.518518518518518,538
1967,BOS,81,8.049382716049383,538
1967,CHI,81,-3.740740740740741,538
1967,CIN,81,-0.25925925925925924,538
1967,DET,81,-5.530864197530864,538
1967,LAL,81,0.345679012345679,538
1967,NYK,81,-3.049382716049383,538
1967,PHI,81,9.444444444444445,538
1967,SFW,81,2.8641975308641974,538
1967,STL,81,-1.6049382716049383,538
1968,BAL,82,-0.3902439024390244,538
1968,BOS,82,4.109756097560975,538
1968,CHI,82,-4.0,538
1968,CIN,82,-0.8414634146341463,538
1968,DET,82,-2.0,538
1968,LAL,82,5.609756097560975,538
1968,NYK,82,1.8170731707317074,538
1968,PHI,82,8.597560975609756,538
1968,SDR,82,-8.585365853658537,538
1968,SEA,82,-6.451219512195122,538
1968,SFW,82,-0.5975609756097561,538
1968,STL,82,2.731707317073171,538
1969,ATL,82,2.207317073170732,538
1969,BAL,82,4.2560975609756095,538
1969,BOS,82,5.573170731707317,538
1969,CHI,82,-2.2560975609756095,538
1969,CIN,82,-1.024390243902439,538
1969,DET,82,-3.158536585365854,538
1969,LAL,82,4.146341463414634,538
1969,MIL,82,-5.121951219512195,538
1969,NYK,82,5.7439024390243905,538
1969,PHI,82,5.048780487804878,538
1969,PHO,82,-8.731707317073171,538
1969,SDR,82,-0.1951219512195122,538
1969,SEA,82,-4.853658536585366,538
1969,SFW,82,-1.6341463414634145,538
1970,ATL,82,0.4146341463414634,538
1970,BAL,82,2.1219512195121952,538
1970,BOS,82,-1.853658536585366,538
1970,CHI,82,-1.7560975609756098,538
1970,CIN,82,-2.951219512195122,538
1970,DET,82,-3.317073170731707,538
1970,LAL,82,1.9878048780487805,538
1970,MIL,82,4.609756097560975,538
1970,NYK,82,9.085365853658537,538
1970,PHI,82,3.4146341463414633,538
1970,PHO,82,-1.7195121951219512,538
1970,SDR,82,-3.097560975609756,538
1970,SEA,82,-2.524390243902439,538
1970,SFW,82,-4.414634146341464,538
1971,ATL,82,-1.7926829268292683,538
1971,BAL,82,0.5853658536585366,538
1971,BOS,82,2.073170731707317,538
1971,BUF,82,-6.621951219512195,538
1971,CHI,82,5.2439024390243905,538
1971,CIN,82,-3.207317073170732,538
1971,CLE,82,-11.170731707317072,538
1971,DET,82,-0.7439024390243902,538
1971,LAL,82,3.073170731707317,538
1971,MIL,82,12.25609756097561,538
1971,NYK,82,5.024390243902439,538
1971,PHI,82,1.548780487804878,538
1971,PHO,82,1.9024390243902438,538
1971,POR,82,-4.512195121951219,538
1971,SDR,82,-0.24390243902439024,538
1971,SEA,82,-1.975609756097561,538
1971,SFW,82,-1.4390243902439024,538
1972,ATL,82,-1.7682926829268293,538
1972,BAL,82,-1.170731707317073,538
1972,BOS,82,4.780487804878049,538
1972,BUF,82,-9.24390243902439,538
1972,CHI,82,8.25609756097561,538
1972,CIN,82,-4.036585365853658,538
1972,CLE,82,-7.634146341463414,538
1972,DET,82,-6.841463414634147,538
1972,GSW,82,0.7682926829268293,538
1972,HOU,82,-1.5609756097560976,538
1972,LAL,82,12.28048780487805,538
1972,MIL,82,11.158536585365853,538
1972,NYK,82,2.451219512195122,538
1972,PHI,82,-3.6707317073170733,538
1972,PHO,82,5.5,538
1972,POR,82,-9.731707317073171,538
1972,SEA,82,0.4634146341463415,538
1973,ATL,82,0.08536585365853659,538
1973,BAL,82,3.3536585365853657,538
1973,BOS,82,8.195121951219512,538
1973,BUF,82,-9.170731707317072,538
1973,CHI,82,3.4878048780487805,538
1973,CLE,82,-2.6707317073170733,538
1973,DET,82,0.21951219512195122,538
1973,GSW,82,3.097560975609756,538
1973,HOU,82,-1.7317073170731707,538
1973,KCO,82,-2.8902439024390243,538
1973,LAL,82,8.512195121951219,538
1973,MIL,82,8.21951219512195,538
1973,NYK,82,6.7926829268292686,538
1973,PHI,82,-12.085365853658537,538
1973,PHO,82,-1.2804878048780488,538
1973,POR,82,-6.2317073170731705,538
1973,SEA,82,-5.902439024390244,538
1974,ATL,82,-1.4268292682926829,538
1974,BOS,82,3.9146341463414633,538
1974,BUF,82,-0.10975609756097561,538
1974,CAP,82,1.4878048780487805,538
1974,CHI,82,3.3048780487804876,538
1974,CLE,82,-4.329268292682927,538
1974,DET,82,4.060975609756097,538
1974,GSW,82,2.5609756097560976,538
1974,HOU,82,-0.13414634146341464,538
1974,KCO,82,-3.731707317073171,538
1974,LAL,82,0.8658536585365854,538
1974,MIL,82,8.036585365853659,538
1974,NYK,82,2.7560975609756095,538
1974,PHI,82,-6.365853658536586,538
1974,PHO,82,-3.5609756097560976,538
1974,POR,82,-4.780487804878049,538
1974,SEA,82,-2.548780487804878,538
1975,ATL,82,-1.3658536585365855,538
1975,BOS,82,5.719512195121951,538
1975,BUF,82,2.1463414634146343,538
1975,CHI,82,3.097560975609756,538
1975,CLE,82,-0.36585365853658536,538
1975,DET,82,-1.4268292682926829,538
1975,GSW,82,3.292682926829268,538
1975,HOU,82,1.0609756097560976,538
1975,KCO,82,-0.2926829268292683,538
1975,LAL,82,-4.073170731707317,538
1975,MIL,82,0.2073170731707317,538
1975,NOJ,82,-7.853658536585366,538
1975,NYK,82,-1.2317073170731707,538
1975,PHI,82,-3.0609756097560976,538
1975,PHO,82,-2.3780487804878048,538
1975,POR,82,0.43902439024390244,538
1975,SEA,82,-1.0853658536585367,538
1975,WSB,82,7.170731707317073,538
1976,ATL,82,-2.9146341463414633,538
1976,BOS,82,2.341463414634146,538
1976,BUF,82,0.8292682926829268,538
1976,CHI,82,-2.902439024390244,538
1976,CLE,82,2.5121951219512195,538
1976,DET,82,-1.048780487804878,538
1976,GSW,82,6.646341463414634,538
1976,HOU,82,-0.8048780487804879,538
1976,KCK,82,-2.841463414634146,538
1976,LAL,82,0.08536585365853659,538
1976,MIL,82,-1.451219512195122,538
1976,NOJ,82,-0.8902439024390244,538
1976,NYK,82,-1.2317073170731707,538
1976,PHI,82,0.25609756097560976,538
1976,PHO,82,0.6097560975609756,538
1976,POR,82,-1.2439024390243902,538
1976,SEA,82,-0.2804878048780488,538
1976,WSB,82,2.3292682926829267,538
1977,ATL,82,-4.060975609756097,538
1977,BOS,82,-1.975609756097561,538
1977,BUF,82,-4.439024390243903,538
1977,CHI,82,0.9024390243902439,538
1977,CLE,82,1.1219512195121952,538
1977,DEN,82,5.219512195121951,538
1977,DET,82,-1.0365853658536586,538
1977,GSW,82,3.2195121951219514,538
1977,HOU,82,1.6097560975609757,538
1977,IND,82,-1.7682926829268293,538
1977,KCK,82,0.8780487804878049,538
1977,LAL,82,2.7195121951219514,538
1977,MIL,82,-3.1219512195121952,538
1977,NOJ,82,-2.817073170731707,538
1977,NYK,82,-0.012195121951219513,538
1977,NYN,82,-6.780487804878049,538
1977,PHI,82,3.9390243902439024,538
1977,PHO,82,0.7317073170731707,538
1977,POR,82,5.585365853658536,538
1977,SAS,82,0.6097560975609756,538
1977,SEA,82,-1.548780487804878,538
1977,WSB,82,1.024390243902439,538
1978,ATL,82,-0.13414634146341464,538
1978,BOS,82,-1.951219512195122,538
1978,BUF,82,-3.7439024390243905,538
1978,CHI,82,-0.8902439024390244,538
1978,CLE,82,0.47560975609756095,538
1978,DEN,82,0.8292682926829268,538
1978,DET,82,-1.2439024390243902,538
1978,GSW,82,0.34146341463414637,538
1978,HOU,82,-4.0,538
1978,IND,82,-2.5,538
1978,KCK,82,-1.8902439024390243,538
1978,LAL,82,2.6707317073170733,538
1978,MIL,82,-0.5853658536585366,538
1978,NJN,82,-5.817073170731708,538
1978,NOJ,82,-1.8658536585365855,538
1978,NYK,82,-0.5487804878048781,538
1978,PHI,82,5.146341463414634,538
1978,PHO,82,3.731707317073171,538
1978,POR,82,6.146341463414634,538
1978,SAS,82,3.3536585365853657,538
1978,SEA,82,1.548780487804878,538
1978,WSB,82,0.926829268292683,538
1979,ATL,82,2.0853658536585367,538
1979,BOS,82,-5.048780487804878,538
1979,CHI,82,-3.9634146341463414,538
1979,CLE,82,-3.7195121951219514,538
1979,DEN,82,1.2804878048780488,538
1979,DET,82,-2.6707317073170733,538
1979,GSW,82,0.3780487804878049,538
1979,HOU,82,0.975609756097561,538
1979,IND,82,-1.5975609756097562,538
1979,KCK,82,2.8780487804878048,538
1979,LAL,82,3.0609756097560976,538
1979,MIL,82,2.2195121951219514,538
1979,NJN,82,-4.170731707317073,538
1979,NOJ,82,-6.2439024390243905,538
1979,NYK,82,-3.3780487804878048,538
1979,PHI,82,1.853658536585366,538
1979,PHO,82,3.6951219512195124,538
1979,POR,82,1.2560975609756098,538
1979,SAS,82,5.182926829268292,538
1979,SDC,82,-1.7804878048780488,538
1979,SEA,82,2.7195121951219514,538
1979,WSB,82,4.987804878048781,538
1980,ATL,82,2.9146341463414633,538
1980,BOS,82,7.7926829268292686,538
1980,CHI,82,-2.707317073170732,538
1980,CLE,82,0.34146341463414637,538
1980,DEN,82,-4.414634146341464,538
1980,DET,82,-8.24390243902439,538
1980,GSW,82,-4.390243902439025,538
1980,HOU,82,0.17073170731707318,538
1980,IND,82,-0.6951219512195121,538
1980,KCK,82,3.1341463414634148,538
1980,LAL,82,5.902439024390244,538
1980,MIL,82,3.9390243902439024,538
1980,NJN,82,-1.170731707317073,538
1980,NYK,82,-1.146341463414634,538
1980,PHI,82,4.219512195121951,538
1980,PHO,82,3.597560975609756,538
1980,POR,82,-0.8170731707317073,538
1980,SAS,82,-0.3780487804878049,538
1980,SDC,82,-4.146341463414634,538
1980,SEA,82,4.658536585365853,538
1980,UTA,82,-6.012195121951219,538
1980,WSB,82,-2.548780487804878,538
1981,ATL,82,-3.097560975609756,538
1981,BOS,82,5.878048780487805,538
1981,CHI,82,1.975609756097561,538
1981,CLE,82,-4.853658536585366,538
1981,DAL,82,-8.402439024390244,538
1981,DEN,82,-0.47560975609756095,538
1981,DET,82,-6.317073170731708,538
1981,GSW,82,-1.1829268292682926,538
1981,HOU,82,0.32926829268292684,538
1981,IND,82,1.4024390243902438,538
1981,KCK,82,0.012195121951219513,538
1981,LAL,82,3.841463414634146,538
1981,MIL,82,7.2682926829268295,538
1981,NJN,82,-6.024390243902439,538
1981,NYK,82,1.6219512195121952,538
1981,PHI,82,7.853658536585366,538
1981,PHO,82,5.512195121951219,538
1981,POR,82,0.8902439024390244,538
1981,SAS,82,2.8780487804878048,538
1981,SDC,82,-1.5853658536585367,538
1981,SEA,82,-1.646341463414634,538
1981,UTA,82,-5.890243902439025,538
1981,WSB,82,0.012195121951219513,538
1982,ATL,82,0.5365853658536586,538
1982,BOS,82,6.378048780487805,538
1982,CHI,82,-2.024390243902439,538
1982,CLE,82,-8.512195121951219,538
1982,DAL,82,-4.426829268292683,538
1982,DEN,82,0.524390243902439,538
1982,DET,82,-0.9146341463414634,538
1982,GSW,82,1.0365853658536586,538
1982,HOU,82,-0.036585365853658534,538
1982,IND,82,-1.8658536585365855,538
1982,KCK,82,-3.097560975609756,538
1982,LAL,82,4.865853658536586,538
1982,MIL,82,5.475609756097561,538
1982,NJN,82,0.6829268292682927,538
1982,NYK,82,-2.6707317073170733,538
1982,PHI,82,5.7317073170731705,538
1982,PHO,82,3.451219512195122,538
1982,POR,82,0.5975609756097561,538
1982,SAS,82,2.3048780487804876,538
1982,SDC,82,-7.390243902439025,538
1982,SEA,82,4.134146341463414,538
1982,UTA,82,-5.658536585365853,538
1982,WSB,82,0.8780487804878049,538
1983,ATL,82,-0.9512195121951219,538
1983,BOS,82,5.353658536585366,538
1983,CHI,82,-4.890243902439025,538
1983,CLE,82,-7.439024390243903,538
1983,DAL,82,-0.4146341463414634,538
1983,DEN,82,0.6219512195121951,538
1983,DET,82,-0.4024390243902439,538
1983,GSW,82,-3.6219512195121952,538
1983,HOU,82,-11.597560975609756,538
1983,IND,82,-5.853658536585366,538
1983,KCK,82,1.451219512195122,538
1983,LAL,82,5.548780487804878,538
1983,MIL,82,4.402439024390244,538
1983,NJN,82,2.768292682926829,538
1983,NYK,82,2.451219512195122,538
1983,PHI,82,7.670731707317073,538
1983,PHO,82,5.060975609756097,538
1983,POR,82,2.1341463414634148,538
1983,SAS,82,3.658536585365854,538
1983,SDC,82,-4.829268292682927,538
1983,SEA,82,3.207317073170732,538
1983,UTA,82,-4.195121951219512,538
1983,WSB,82,-0.13414634146341464,538
1984,ATL,82,-1.2926829268292683,538
1984,BOS,82,6.560975609756097,538
1984,CHI,82,-5.182926829268292,538
1984,CLE,82,-4.2560975609756095,538
1984,DAL,82,0.4268292682926829,538
1984,DEN,82,-1.0975609756097562,538
1984,DET,82,3.5853658536585367,538
1984,GSW,82,-3.402439024390244,538
1984,HOU,82,-3.0853658536585367,538
1984,IND,82,-4.817073170731708,538
1984,KCK,82,-1.475609756097561,538
1984,LAL,82,3.7560975609756095,538
1984,MIL,82,4.158536585365853,538
1984,NJN,82,1.0975609756097562,538
1984,NYK,82,3.841463414634146,538
1984,PHI,82,2.1951219512195124,538
1984,PHO,82,0.8902439024390244,538
1984,POR,82,3.548780487804878,538
1984,SAS,82,-0.2682926829268293,538
1984,SDC,82,-3.2560975609756095,538
1984,SEA,82,-0.17073170731707318,538
1984,UTA,82,1.1341463414634145,538
1984,WSB,82,-2.8902439024390243,538
1985,ATL,82,-1.451219512195122,538
1985,BOS,82,6.646341463414634,538
1985,CHI,82,-0.8414634146341463,538
1985,CLE,82,-2.7560975609756095,538
1985,DAL,82,2.1707317073170733,538
1985,DEN,82,2.4390243902439024,538
1985,DET,82,2.4878048780487805,538
1985,GSW,82,-7.341463414634147,538
1985,HOU,82,1.7195121951219512,538
1985,IND,82,-6.2073170731707314,538
1985,KCK,82,-2.6707317073170733,538
1985,LAC,82,-4.487804878048781,538
1985,LAL,82,7.353658536585366,538
1985,MIL,82,6.853658536585366,538
1985,NJN,82,0.23170731707317074,538
1985,NYK,82,-4.634146341463414,538
1985,PHI,82,4.097560975609756,538
1985,PHO,82,-2.1097560975609757,538
1985,POR,82,3.402439024390244,538
1985,SAS,82,0.9146341463414634,538
1985,SEA,82,-5.439024390243903,538
1985,UTA,82,-0.10975609756097561,538
1985,WSB,82,-0.2682926829268293,538
1986,ATL,82,2.3658536585365852,538
1986,BOS,82,9.414634146341463,538
1986,CHI,82,-3.8048780487804876,538
1986,CLE,82,-2.8658536585365852,538
1986,DAL,82,1.0975609756097562,538
1986,DEN,82,1.3048780487804879,538
1986,DET,82,1.170731707317073,538
1986,GSW,82,-3.451219512195122,538
1986,HOU,82,2.6097560975609757,538
1986,IND,82,-3.3292682926829267,538
1986,LAC,82,-6.926829268292683,538
1986,LAL,82,7.7439024390243905,538
1986,MIL,82,9.036585365853659,538
1986,NJN,82,-1.9878048780487805,538
1986,NYK,82,-5.609756097560975,538
1986,PHI,82,2.3536585365853657,538
1986,PHO,82,-2.9878048780487805,538
1986,POR,82,1.0609756097560976,538
1986,SAC,82,-3.073170731707317,538
1986,SAS,82,-1.853658536585366,538
1986,SEA,82,-0.0975609756097561,538
1986,UTA,82,-0.36585365853658536,538
1986,WSB,82,-1.8048780487804879,538
1987,ATL,82,7.2317073170731705,538
1987,BOS,82,6.646341463414634,538
1987,CHI,82,0.8902439024390244,538
1987,CLE,82,-3.817073170731707,538
1987,DAL,82,6.304878048780488,538
1987,DEN,82,-0.8658536585365854,538
1987,DET,82,3.4390243902439024,538
1987,GSW,82,-2.341463414634146,538
1987,HOU,82,1.0,538
1987,IND,82,-0.6463414634146342,538
1987,LAC,82,-11.426829268292684,538
1987,LAL,82,9.304878048780488,538
1987,MIL,82,3.9146341463414633,538
1987,NJN,82,-5.048780487804878,538
1987,NYK,82,-6.2682926829268295,538
1987,PHI,82,-0.1951219512195122,538
1987,PHO,82,-2.4390243902439024,538
1987,POR,82,3.1341463414634148,538
1987,SAC,82,-3.2195121951219514,538
1987,SAS,82,-5.097560975609756,538
1987,SEA,82,0.4634146341463415,538
1987,UTA,82,0.4024390243902439,538
1987,WSB,82,-1.3658536585365855,538
1988,ATL,82,3.597560975609756,538
1988,BOS,82,5.939024390243903,538
1988,CHI,82,3.402439024390244,538
1988,CLE,82,0.7560975609756098,538
1988,DAL,82,4.365853658536586,538
1988,DEN,82,4.073170731707317,538
1988,DET,82,5.170731707317073,538
1988,GSW,82,-8.317073170731707,538
1988,HOU,82,1.3902439024390243,538
1988,IND,82,-0.7926829268292683,538
1988,LAC,82,-10.317073170731707,538
1988,LAL,82,5.841463414634147,538
1988,MIL,82,0.5365853658536586,538
1988,NJN,82,-8.109756097560975,538
1988,NYK,82,-0.4878048780487805,538
1988,PHI,82,-1.4390243902439024,538
1988,PHO,82,-4.475609756097561,538
1988,POR,82,4.524390243902439,538
1988,SAC,82,-5.7560975609756095,538
1988,SAS,82,-4.878048780487805,538
1988,SEA,82,2.0609756097560976,538
1988,UTA,82,3.682926829268293,538
1988,WSB,82,-0.7682926829268293,538
1989,ATL,82,4.914634146341464,538
1989,BOS,82,1.1585365853658536,538
1989,CHH,82,-8.524390243902438,538
1989,CHI,82,1.4390243902439024,538
1989,CLE,82,7.597560975609756,538
1989,DAL,82,-1.2073170731707317,538
1989,DEN,82,1.6951219512195121,538
1989,DET,82,5.804878048780488,538
1989,GSW,82,-0.3048780487804878,538
1989,HOU,82,0.9512195121951219,538
1989,IND,82,-4.170731707317073,538
1989,LAC,82,-9.914634146341463,538
1989,LAL,82,7.170731707317073,538
1989,MIA,82,-11.231707317073171,538
1989,MIL,82,3.6097560975609757,538
1989,NJN,82,-6.353658536585366,538
1989,NYK,82,3.768292682926829,538
1989,PHI,82,1.5,538
1989,PHO,82,7.695121951219512,538
1989,POR,82,1.4634146341463414,538
1989,SAC,82,-5.548780487804878,538
1989,SAS,82,-7.280487804878049,538
1989,SEA,82,2.902439024390244,538
1989,UTA,82,5.024390243902439,538
1989,WSB,82,-2.158536585365854,538
1990,ATL,82,1.024390243902439,538
1990,BOS,82,3.9878048780487805,538
1990,CHH,82,-7.817073170731708,538
1990,CHI,82,3.2560975609756095,538
1990,CLE,82,-0.3048780487804878,538
1990,DAL,82,0.07317073170731707,538
1990,DEN,82,1.4146341463414633,538
1990,DET,82,6.085365853658536,538
1990,GSW,82,-3.1341463414634148,538
1990,HOU,82,1.4634146341463414,538
1990,IND,82,0.15853658536585366,538
1990,LAC,82,-3.3902439024390243,538
1990,LAL,82,6.780487804878049,538
1990,MIA,82,-9.71951219512195,538
1990,MIL,82,-0.7804878048780488,538
1990,MIN,82,-4.2317073170731705,538
1990,NJN,82,-7.865853658536586,538
1990,NYK,82,1.4146341463414633,538
1990,ORL,82,-8.914634146341463,538
1990,PHI,82,4.987804878048781,538
1990,PHO,82,7.097560975609756,538
1990,POR,82,6.317073170731708,538
1990,SAC,82,-5.060975609756097,538
1990,SAS,82,3.4878048780487805,538
1990,SEA,82,1.0365853658536586,538
1990,UTA,82,4.7926829268292686,538
1990,WSB,82,-2.158536585365854,538
1991,ATL,82,0.7682926829268293,538
1991,BOS,82,5.817073170731708,538
1991,CHH,82,-5.2439024390243905,538
1991,CHI,82,9.097560975609756,538
1991,CLE,82,-2.4634146341463414,538
1991,DAL,82,-4.573170731707317,538
1991,DEN,82,-10.914634146341463,538
1991,DET,82,3.268292682926829,538
1991,GSW,82,1.6341463414634145,538
1991,HOU,82,3.5,538
1991,IND,82,-0.3902439024390244,538
1991,LAC,82,-3.451219512195122,538
1991,LAL,82,6.7439024390243905,538
1991,MIA,82,-5.987804878048781,538
1991,MIL,82,2.475609756097561,538
1991,MIN,82,-3.926829268292683,538
1991,NJN,82,-4.512195121951219,538
1991,NYK,82,-0.23170731707317074,538
1991,ORL,82,-3.975609756097561,538
1991,PHI,82,-0.18292682926829268,538
1991,PHO,82,6.548780487804878,538
1991,POR,82,8.682926829268293,538
1991,SAC,82,-6.780487804878049,538
1991,SAS,82,4.512195121951219,538
1991,SEA,82,1.2317073170731707,538
1991,UTA,82,3.3292682926829267,538
1991,WSB,82,-4.975609756097561,538
1992,ATL,82,-1.5,538
1992,BOS,82,3.6219512195121952,538
1992,CHH,82,-3.902439024390244,538
1992,CHI,82,10.439024390243903,538
1992,CLE,82,5.451219512195122,538
1992,DAL,82,-7.646341463414634,538
1992,DEN,82,-7.865853658536586,538
1992,DET,82,2.048780487804878,538
1992,GSW,82,3.902439024390244,538
1992,HOU,82,-1.7195121951219512,538
1992,IND,82,1.8902439024390243,538
1992,LAC,82,1.0731707317073171,538
1992,LAL,82,-1.0975609756097562,538
1992,MIA,82,-4.2073170731707314,538
1992,MIL,82,-1.7195121951219512,538
1992,MIN,82,-7.048780487804878,538
1992,NJN,82,-1.6951219512195121,538
1992,NYK,82,3.8902439024390243,538
1992,ORL,82,-6.914634146341464,538
1992,PHI,82,-1.2682926829268293,538
1992,PHO,82,5.939024390243903,538
1992,POR,82,7.2682926829268295,538
1992,SAC,82,-6.060975609756097,538
1992,SAS,82,3.317073170731707,538
1992,SEA,82,1.8780487804878048,538
1992,UTA,82,6.390243902439025,538
1992,WSB,82,-4.463414634146342,538
1993,ATL,82,-0.8658536585365854,538
1993,BOS,82,0.8902439024390244,538
1993,CHH,82,-0.24390243902439024,538
1993,CHI,82,6.2926829268292686,538
1993,CLE,82,6.451219512195122,538
1993,DAL,82,-15.195121951219512,538
1993,DEN,82,-1.7439024390243902,538
1993,DET,82,-1.3902439024390243,538
1993,GSW,82,-0.9878048780487805,538
1993,HOU,82,4.2317073170731705,538
1993,IND,82,1.6951219512195121,538
1993,LAC,82,0.35365853658536583,538
1993,LAL,82,-1.2682926829268293,538
1993,MIA,82,-1.146341463414634,538
1993,MIL,82,-3.731707317073171,538
1993,MIN,82,-7.780487804878049,538
1993,NJN,82,1.2560975609756098,538
1993,NYK,82,6.158536585365853,538
1993,ORL,82,1.3170731707317074,538
1993,PHI,82,-5.7682926829268295,538
1993,PHO,82,6.658536585365853,538
1993,POR,82,3.1097560975609757,538
1993,SAC,82,-3.1707317073170733,538
1993,SAS,82,2.6707317073170733,538
1993,SEA,82,7.073170731707317,538
1993,UTA,82,2.1707317073170733,538
1993,WSB,82,-7.036585365853658,538
1994,ATL,82,5.2682926829268295,538
1994,BOS,82,-4.280487804878049,538
1994,CHH,82,-0.21951219512195122,538
1994,CHI,82,3.0853658536585367,538
1994,CLE,82,4.024390243902439,538
1994,DAL,82,-8.695121951219512,538
1994,DEN,82,1.4878048780487805,538
1994,DET,82,-7.780487804878049,538
1994,GSW,82,1.7439024390243902,538
1994,HOU,82,4.317073170731708,538
1994,IND,82,3.451219512195122,538
1994,LAC,82,-5.719512195121951,538
1994,LAL,82,-4.2926829268292686,538
1994,MIA,82,2.6707317073170733,538
1994,MIL,82,-6.475609756097561,538
1994,MIN,82,-6.926829268292683,538
1994,NJN,82,2.1951219512195124,538
1994,NYK,82,6.987804878048781,538
1994,ORL,82,3.8902439024390243,538
1994,PHI,82,-7.621951219512195,538
1994,PHO,82,4.841463414634147,538
1994,POR,82,2.6341463414634148,538
1994,SAC,82,-5.7682926829268295,538
1994,SAS,82,5.2560975609756095,538
1994,SEA,82,9.085365853658537,538
1994,UTA,82,4.219512195121951,538
1994,WSB,82,-7.378048780487805,538
1995,ATL,82,1.2804878048780488,538
1995,BOS,82,-1.8780487804878048,538
1995,CHH,82,3.2804878048780486,538
1995,CHI,82,4.829268292682927,538
1995,CLE,82,0.6219512195121951,538
1995,DAL,82,-2.902439024390244,538
1995,DEN,82,0.8414634146341463,538
1995,DET,82,-7.2926829268292686,538
1995,GSW,82,-5.414634146341464,538
1995,HOU,82,2.1219512195121952,538
1995,IND,82,3.6951219512195124,538
1995,LAC,82,-9.158536585365853,538
1995,LAL,82,-0.21951219512195122,538
1995,MIA,82,-1.6341463414634145,538
1995,MIL,82,-4.365853658536586,538
1995,MIN,82,-9.0,538
1995,NJN,82,-3.1341463414634148,538
1995,NYK,82,3.1097560975609757,538
1995,ORL,82,7.060975609756097,538
1995,PHI,82,-5.073170731707317,538
1995,PHO,82,3.8780487804878048,538
1995,POR,82,3.817073170731707,538
1995,SAC,82,-1.0,538
1995,SAS,82,5.963414634146342,538
1995,SEA,82,8.182926829268293,538
1995,UTA,82,7.987804878048781,538
1995,WSB,82,-5.597560975609756,538
1996,ATL,82,1.2195121951219512,538
1996,BOS,82,-3.402439024390244,538
1996,CHH,82,-0.573170731707317,538
1996,CHI,82,12.24390243902439,538
1996,CLE,82,2.5853658536585367,538
1996,DAL,82,-4.902439024390244,538
1996,DEN,82,-2.707317073170732,538
1996,DET,82,2.5,538
1996,GSW,82,-1.451219512195122,538
1996,HOU,82,1.7439024390243902,538
1996,IND,82,3.2439024390243905,538
1996,LAC,82,-3.597560975609756,538
1996,LAL,82,4.451219512195122,538
1996,MIA,82,1.4268292682926829,538
1996,MIL,82,-5.304878048780488,538
1996,MIN,82,-5.353658536585366,538
1996,NJN,82,-4.2317073170731705,538
1996,NYK,82,2.317073170731707,538
1996,ORL,82,5.560975609756097,538
1996,PHI,82,-10.0,538
1996,PHO,82,0.32926829268292684,538
1996,POR,82,2.3536585365853657,538
1996,SAC,82,-2.707317073170732,538
1996,SAS,82,6.304878048780488,538
1996,SEA,82,7.7926829268292686,538
1996,TOR,82,-7.512195121951219,538
1996,UTA,82,6.585365853658536,538
1996,VAN,82,-9.975609756097562,538
1996,WSB,82,1.0609756097560976,538
1997,ATL,82,5.439024390243903,538
1997,BOS,82,-7.329268292682927,538
1997,CHH,82,1.8658536585365855,538
1997,CHI,82,10.804878048780488,538
1997,CLE,82,1.8414634146341464,538
1997,DAL,82,-6.353658536585366,538
1997,DEN,82,-6.280487804878049,538
1997,DET,82,5.2439024390243905,538
1997,GSW,82,-4.7073170731707314,538
1997,HOU,82,4.475609756097561,538
1997,IND,82,0.975609756097561,538
1997,LAC,82,-2.3536585365853657,538
1997,LAL,82,4.2682926829268295,538
1997,MIA,82,5.487804878048781,538
1997,MIL,82,-1.8902439024390243,538
1997,MIN,82,-1.475609756097561,538
1997,NJN,82,-4.560975609756097,538
1997,NYK,82,3.1219512195121952,538
1997,ORL,82,-0.35365853658536583,538
1997,PHI,82,-6.536585365853658,538
1997,PHO,82,0.6585365853658537,538
1997,POR,82,4.170731707317073,538
1997,SAC,82,-3.3780487804878048,538
1997,SAS,82,-7.878048780487805,538
1997,SEA,82,7.682926829268292,538
1997,TOR,82,-3.1219512195121952,538
1997,UTA,82,8.792682926829269,538
1997,VAN,82,-10.231707317073171,538
1997,WSB,82,1.6219512195121952,538
1998,ATL,82,3.5121951219512195,538
1998,BOS,82,-2.6219512195121952,538
1998,CHH,82,2.0,538
1998,CHI,82,7.109756097560975,538
1998,CLE,82,2.731707317073171,538
1998,DAL,82,-6.109756097560975,538
1998,DEN,82,-11.78048780487805,538
1998,DET,82,1.5731707317073171,538
1998,GSW,82,-9.121951219512194,538
1998,HOU,82,-0.7560975609756098,538
1998,IND,82,6.085365853658536,538
1998,LAC,82,-7.365853658536586,538
1998,LAL,82,7.7439024390243905,538
1998,MIA,82,4.926829268292683,538
1998,MIL,82,-1.9146341463414633,538
1998,MIN,82,0.7073170731707317,538
1998,NJN,82,1.5731707317073171,538
1998,NYK,82,2.4634146341463414,538
1998,ORL,82,-1.0731707317073171,538
1998,PHI,82,-2.3902439024390243,538
1998,PHO,82,5.182926829268292,538
1998,POR,82,1.4024390243902438,538
1998,SAC,82,-5.585365853658536,538
1998,SAS,82,3.9878048780487805,538
1998,SEA,82,7.170731707317073,538
1998,TOR,82,-9.268292682926829,538
1998,UTA,82,6.536585365853658,538
1998,VAN,82,-7.304878048780488,538
1998,WAS,82,0.5853658536585366,538
1999,ATL,50,2.9,538
1999,BOS,50,-1.86,538
1999,CHH,50,-0.1,538
1999,CHI,50,-9.46,538
1999,CLE,50,-1.72,538
1999,DAL,50,-2.4,538
1999,DEN,50,-6.6,538
1999,DET,50,3.42,538
1999,GSW,50,-2.5,538
1999,HOU,50,2.32,538
1999,IND,50,3.74,538
1999,LAC,50,-8.82,538
1999,LAL,50,3.02,538
1999,MIA,50,4.96,538
1999,MIL,50,1.66,538
1999,MIN,50,0.38,538
1999,NJN,50,-3.78,538
1999,NYK,50,1.02,538
1999,ORL,50,2.6,538
1999,PHI,50,2.06,538
1999,PHO,50,2.26,538
1999,POR,50,6.36,538
1999,SAC,50,-0.42,538
1999,SAS,50,8.06,538
1999,SEA,50,-1.08,538
1999,TOR,50,-1.64,538
1999,UTA,50,6.52,538
1999,VAN,50,-8.66,538
1999,WAS,50,-2.24,538
2000,ATL,82,-5.378048780487805,538
2000,BOS,82,-0.7560975609756098,538
2000,CHH,82,2.6707317073170733,538
2000,CHI,82,-9.402439024390244,538
2000,CLE,82,-3.5,538
2000,DAL,82,-0.573170731707317,538
2000,DEN,82,-2.1219512195121952,538
2000,DET,82,1.4390243902439024,538
2000,GSW,82,-8.268292682926829,538
2000,HOU,82,-0.8658536585365854,538
2000,IND,82,4.597560975609756,538
2000,LAC,82,-11.524390243902438,538
2000,LAL,82,8.548780487804878,538
2000,MIA,82,3.1097560975609757,538
2000,MIL,82,0.21951219512195122,538
2000,MIN,82,2.524390243902439,538
2000,NJN,82,-1.0365853658536586,538
2000,NYK,82,1.4634146341463414,538
2000,ORL,82,0.6829268292682927,538
2000,PHI,82,1.3414634146341464,538
2000,PHO,82,5.219512195121951,538
2000,POR,82,6.402439024390244,538
2000,SAC,82,2.9146341463414633,538
2000,SAS,82,5.939024390243903,538
2000,SEA,82,0.9512195121951219,538
2000,TOR,82,-0.15853658536585366,538
2000,UTA,82,4.463414634146342,538
2000,VAN,82,-5.621951219512195,538
2000,WAS,82,-3.2804878048780486,538
2001,ATL,82,-5.2073170731707314,538
2001,BOS,82,-2.1341463414634148,538
2001,CHH,82,2.097560975609756,538
2001,CHI,82,-9.097560975609756,538
2001,CLE,82,-4.2439024390243905,538
2001,DAL,82,4.280487804878049,538
2001,DEN,82,-2.4634146341463414,538
2001,DET,82,-1.6951219512195121,538
2001,GSW,82,-9.048780487804878,538
2001,HOU,82,2.292682926829268,538
2001,IND,82,-0.1951219512195122,538
2001,LAC,82,-2.8902439024390243,538
2001,LAL,82,3.3780487804878048,538
2001,MIA,82,2.292682926829268,538
2001,MIL,82,3.8780487804878048,538
2001,MIN,82,1.353658536585366,538
2001,NJN,82,-5.048780487804878,538
2001,NYK,82,2.6341463414634148,538
2001,ORL,82,0.9878048780487805,538
2001,PHI,82,4.280487804878049,538
2001,PHO,82,2.207317073170732,538
2001,POR,82,4.195121951219512,538
2001,SAC,82,5.817073170731708,538
2001,SAS,82,7.7560975609756095,538
2001,SEA,82,0.024390243902439025,538
2001,TOR,82,2.2560975609756095,538
2001,UTA,82,4.695121951219512,538
2001,VAN,82,-5.7317073170731705,538
2001,WAS,82,-6.670731707317073,538
2002,ATL,82,-4.2317073170731705,538
2002,BOS,82,2.207317073170732,538
2002,CHH,82,0.9634146341463414,538
2002,CHI,82,-8.536585365853659,538
2002,CLE,82,-3.3292682926829267,538
2002,DAL,82,4.2560975609756095,538
2002,DEN,82,-5.817073170731708,538
2002,DET,82,2.1341463414634148,538
2002,GSW,82,-5.402439024390244,538
2002,HOU,82,-4.890243902439025,538
2002,IND,82,0.2682926829268293,538
2002,LAC,82,-0.4634146341463415,538
2002,LAL,82,7.121951219512195,538
2002,MEM,82,-7.439024390243903,538
2002,MIA,82,-1.5365853658536586,538
2002,MIL,82,-0.21951219512195122,538
2002,MIN,82,3.3780487804878048,538
2002,NJN,82,4.158536585365853,538
2002,NYK,82,-3.9878048780487805,538
2002,ORL,82,1.5731707317073171,538
2002,PHI,82,1.5975609756097562,538
2002,PHO,82,-0.6829268292682927,538
2002,POR,82,2.9878048780487805,538
2002,SAC,82,7.609756097560975,538
2002,SAS,82,6.2073170731707314,538
2002,SEA,82,3.024390243902439,538
2002,TOR,82,-0.43902439024390244,538
2002,UTA,82,0.8902439024390244,538
2002,WAS,82,-1.4024390243902438,538
2003,ATL,82,-3.5609756097560976,538
2003,BOS,82,-0.3902439024390244,538
2003,CHI,82,-5.134146341463414,538
2003,CLE,82,-9.621951219512194,538
2003,DAL,82,7.780487804878049,538
2003,DEN,82,-8.28048780487805,538
2003,DET,82,3.682926829268293,538
2003,GSW,82,-1.1341463414634145,538
2003,HOU,82,1.475609756097561,538
2003,IND,82,3.4878048780487805,538
2003,LAC,82,-4.121951219512195,538
2003,LAL,82,2.3292682926829267,538
2003,MEM,82,-3.231707317073171,538
2003,MIA,82,-5.048780487804878,538
2003,MIL,82,0.23170731707317074,538
2003,MIN,82,2.073170731707317,538
2003,NJN,82,5.219512195121951,538
2003,NOH,82,2.1097560975609757,538
2003,NYK,82,-1.353658536585366,538
2003,ORL,82,0.13414634146341464,538
2003,PHI,82,2.3048780487804876,538
2003,PHO,82,1.1341463414634145,538
2003,POR,82,2.6097560975609757,538
2003,SAC,82,6.5,538
2003,SAS,82,5.414634146341464,538
2003,SEA,82,-0.12195121951219512,538
2003,TOR,82,-5.865853658536586,538
2003,UTA,82,2.3902439024390243,538
2003,WAS,82,-1.0121951219512195,538
2004,ATL,82,-4.646341463414634,538
2004,BOS,82,-1.451219512195122,538
2004,CHI,82,-6.353658536585366,538
2004,CLE,82,-2.6219512195121952,538
2004,DAL,82,4.439024390243903,538
2004,DEN,82,1.0731707317073171,538
2004,DET,82,5.841463414634147,538
2004,GSW,82,-0.7317073170731707,538
2004,HOU,82,1.7317073170731707,538
2004,IND,82,5.7560975609756095,538
2004,LAC,82,-4.585365853658536,538
2004,LAL,82,3.902439024390244,538
2004,MEM,82,2.4390243902439024,538
2004,MIA,82,0.524390243902439,538
2004,MIL,82,1.0609756097560976,538
2004,MIN,82,5.487804878048781,538
2004,NJN,82,2.5,538
2004,NOH,82,-0.0975609756097561,538
2004,NYK,82,-1.475609756097561,538
2004,ORL,82,-7.024390243902439,538
2004,PHI,82,-2.4878048780487805,538
2004,PHO,82,-3.7439024390243905,538
2004,POR,82,-1.2682926829268293,538
2004,SAC,82,5.012195121951219,538
2004,SAS,82,7.219512195121951,538
2004,SEA,82,-0.6341463414634146,538
2004,TOR,82,-3.0121951219512195,538
2004,UTA,82,-1.2195121951219512,538
2004,WAS,82,-5.634146341463414,538
2005,ATL,82,-9.707317073170731,538
2005,BOS,82,0.8658536585365854,538
2005,CHA,82,-5.987804878048781,538
2005,CHI,82,1.0609756097560976,538
2005,CLE,82,0.7926829268292683,538
2005,DAL,82,5.7439024390243905,538
2005,DEN,82,2.024390243902439,538
2005,DET,82,3.8658536585365852,538
2005,GSW,82,-2.158536585365854,538
2005,HOU,82,4.036585365853658,538
2005,IND,82,0.7560975609756098,538
2005,LAC,82,-0.7682926829268293,538
2005,LAL,82,-2.9634146341463414,538
2005,MEM,82,2.292682926829268,538
2005,MIA,82,6.524390243902439,538
2005,MIL,82,-2.9878048780487805,538
2005,MIN,82,1.451219512195122,538
2005,NJN,82,-1.5,538
2005,NOH,82,-7.073170731707317,538
2005,NYK,82,-2.4390243902439024,538
2005,ORL,82,-2.2439024390243905,538
2005,PHI,82,-0.7439024390243902,538
2005,PHO,82,7.121951219512195,538
2005,POR,82,-4.0,538
2005,SAC,82,2.158536585365854,538
2005,SAS,82,7.804878048780488,538
2005,SEA,82,2.292682926829268,538
2005,TOR,82,-1.6219512195121952,538
2005,UTA,82,-4.2682926829268295,538
2005,WAS,82,-0.32926829268292684,538
2006,ATL,82,-4.7560975609756095,538
2006,BOS,82,-1.5365853658536586,538
2006,CHA,82,-4.0,538
2006,CHI,82,0.6341463414634146,538
2006,CLE,82,2.231707317073171,538
2006,DAL,82,6.073170731707317,538
2006,DEN,82,0.23170731707317074,538
2006,DET,82,6.670731707317073,538
2006,GSW,82,-1.353658536585366,538
2006,HOU,82,-1.5853658536585367,538
2006,IND,82,1.8902439024390243,538
2006,LAC,82,1.5731707317073171,538
2006,LAL,82,2.5,538
2006,MEM,82,3.6951219512195124,538
2006,MIA,82,3.8658536585365852,538
2006,MIL,82,-1.0365853658536586,538
2006,MIN,82,-1.8780487804878048,538
2006,NJN,82,1.3658536585365855,538
2006,NOK,82,-2.817073170731707,538
2006,NYK,82,-6.402439024390244,538
2006,ORL,82,-1.0731707317073171,538
2006,PHI,82,-1.951219512195122,538
2006,PHO,82,5.548780487804878,538
2006,POR,82,-9.451219512195122,538
2006,SAC,82,1.5365853658536586,538
2006,SAS,82,6.817073170731708,538
2006,SEA,82,-3.024390243902439,538
2006,TOR,82,-2.9878048780487805,538
2006,UTA,82,-2.6341463414634148,538
2006,WAS,82,1.853658536585366,538
2007,ATL,82,-4.7560975609756095,538
2007,BOS,82,-3.4146341463414633,538
2007,CHA,82,-3.7439024390243905,538
2007,CHI,82,5.012195121951219,538
2007,CLE,82,3.8292682926829267,538
2007,DAL,82,7.219512195121951,538
2007,DEN,82,1.6219512195121952,538
2007,DET,82,4.158536585365853,538
2007,GSW,82,-0.34146341463414637,538
2007,HOU,82,4.853658536585366,538
2007,IND,82,-2.4390243902439024,538
2007,LAC,82,-0.4634146341463415,538
2007,LAL,82,-0.07317073170731707,538
2007,MEM,82,-5.146341463414634,538
2007,MIA,82,-0.9146341463414634,538
2007,MIL,82,-4.378048780487805,538
2007,MIN,82,-3.6707317073170733,538
2007,NJN,82,-0.7682926829268293,538
2007,NOK,82,-1.5731707317073171,538
2007,NYK,82,-2.8536585365853657,538
2007,ORL,82,0.7804878048780488,538
2007,PHI,82,-3.024390243902439,538
2007,PHO,82,7.304878048780488,538
2007,POR,82,-4.2926829268292686,538
2007,SAC,82,-1.8048780487804879,538
2007,SAS,82,8.426829268292684,538
2007,SEA,82,-2.8902439024390243,538
2007,TOR,82,0.9878048780487805,538
2007,UTA,82,2.8658536585365852,538
2007,WAS,82,-0.5121951219512195,538
2008,ATL,82,-1.8170731707317074,538
2008,BOS,82,10.25609756097561,538
2008,CHA,82,-4.378048780487805,538
2008,CHI,82,-3.0853658536585367,538
2008,CLE,82,-0.35365853658536583,538
2008,DAL,82,4.536585365853658,538
2008,DEN,82,3.707317073170732,538
2008,DET,82,7.390243902439025,538
2008,GSW,82,2.207317073170732,538
2008,HOU,82,4.682926829268292,538
2008,IND,82,-1.4024390243902438,538
2008,LAC,82,-7.2682926829268295,538
2008,LAL,82,7.2560975609756095,538
2008,MEM,82,-6.2073170731707314,538
2008,MIA,82,-8.646341463414634,538
2008,MIL,82,-6.890243902439025,538
2008,MIN,82,-6.780487804878049,538
2008,NJN,82,-5.060975609756097,538
2008,NOH,82,5.280487804878049,538
2008,NYK,82,-6.609756097560975,538
2008,ORL,82,5.463414634146342,538
2008,PHI,82,0.4146341463414634,538
2008,PHO,82,5.048780487804878,538
2008,POR,82,-0.975609756097561,538
2008,SAC,82,-2.2560975609756095,538
2008,SAS,82,4.7926829268292686,538
2008,SEA,82,-8.75609756097561,538
2008,TOR,82,2.902439024390244,538
2008,UTA,82,6.878048780487805,538
2008,WAS,82,-0.32926829268292684,538
2009,ATL,82,1.5731707317073171,538
2009,BOS,82,7.512195121951219,538
2009,CHA,82,-1.2682926829268293,538
2009,CHI,82,-0.2804878048780488,538
2009,CLE,82,8.926829268292684,538
2009,DAL,82,1.975609756097561,538
2009,DEN,82,3.4146341463414633,538
2009,DET,82,-0.4878048780487805,538
2009,GSW,82,-3.7439024390243905,538
2009,HOU,82,4.0,538
2009,IND,82,-1.1097560975609757,538
2009,LAC,82,-8.768292682926829,538
2009,LAL,82,7.658536585365853,538
2009,MEM,82,-5.463414634146342,538
2009,MIA,82,0.25609756097560976,538
2009,MIL,82,-1.0853658536585367,538
2009,MIN,82,-4.914634146341464,538
2009,NJN,82,-2.4390243902439024,538
2009,NOH,82,1.548780487804878,538
2009,NYK,82,-2.6097560975609757,538
2009,OKC,82,-6.097560975609756,538
2009,ORL,82,6.695121951219512,538
2009,PHI,82,0.07317073170731707,538
2009,PHO,82,1.9268292682926829,538
2009,POR,82,5.341463414634147,538
2009,SAC,82,-8.75609756097561,538
2009,SAS,82,3.7560975609756095,538
2009,TOR,82,-2.817073170731707,538
2009,UTA,82,2.6463414634146343,538
2009,WAS,82,-7.463414634146342,538
2010,ATL,82,4.658536585365853,538
2010,BOS,82,3.658536585365854,538
2010,CHA,82,1.4634146341463414,538
2010,CHI,82,-1.6341463414634145,538
2010,CLE,82,6.524390243902439,538
2010,DAL,82,2.7195121951219514,538
2010,DEN,82,4.085365853658536,538
2010,DET,82,-5.109756097560975,538
2010,GSW,82,-3.597560975609756,538
2010,HOU,82,-0.36585365853658536,538
2010,IND,82,-3.0121951219512195,538
2010,LAC,82,-6.353658536585366,538
2010,LAL,82,4.719512195121951,538
2010,MEM,82,-1.5121951219512195,538
2010,MIA,82,2.2804878048780486,538
2010,MIL,82,1.6951219512195121,538
2010,MIN,82,-9.597560975609756,538
2010,NJN,82,-9.121951219512194,538
2010,NOH,82,-2.4634146341463414,538
2010,NYK,82,-3.817073170731707,538
2010,OKC,82,3.4878048780487805,538
2010,ORL,82,7.487804878048781,538
2010,PHI,82,-3.902439024390244,538
2010,PHO,82,4.902439024390244,538
2010,POR,82,3.3048780487804876,538
2010,SAC,82,-4.365853658536586,538
2010,SAS,82,5.085365853658536,538
2010,TOR,82,-1.7804878048780488,538
2010,UTA,82,5.341463414634147,538
2010,WAS,82,-4.780487804878049,538
2011,ATL,82,-0.8170731707317073,538
2011,BOS,82,5.365853658536586,538
2011,CHA,82,-4.0,538
2011,CHI,82,7.317073170731708,538
2011,CLE,82,-9.012195121951219,538
2011,DAL,82,4.2317073170731705,538
2011,DEN,82,4.7560975609756095,538
2011,DET,82,-3.597560975609756,538
2011,GSW,82,-2.3292682926829267,538
2011,HOU,82,2.182926829268293,538
2011,IND,82,-1.0731707317073171,538
2011,LAC,82,-3.1341463414634148,538
2011,LAL,82,6.109756097560975,538
2011,MEM,82,2.341463414634146,538
2011,MIA,82,7.463414634146342,538
2011,MIL,82,-0.8414634146341463,538
2011,MIN,82,-6.634146341463414,538
2011,NJN,82,-6.2439024390243905,538
2011,NOH,82,0.8902439024390244,538
2011,NYK,82,0.7804878048780488,538
2011,OKC,82,3.792682926829268,538
2011,ORL,82,5.463414634146342,538
2011,PHI,82,1.5,538
2011,PHO,82,-0.8902439024390244,538
2011,POR,82,1.524390243902439,538
2011,SAC,82,-5.341463414634147,538
2011,SAS,82,5.7073170731707314,538
2011,TOR,82,-6.280487804878049,538
2011,UTA,82,-1.829268292682927,538
2011,WAS,82,-7.402439024390244,538
2012,ATL,66,3.4393939393939394,538
2012,BOS,66,2.515151515151515,538
2012,CHA,66,-13.909090909090908,538
2012,CHI,66,8.181818181818182,538
2012,CLE,66,-7.196969696969697,538
2012,DAL,66,0.9545454545454546,538
2012,DEN,66,2.878787878787879,538
2012,DET,66,-4.787878787878788,538
2012,GSW,66,-3.409090909090909,538
2012,HOU,66,0.22727272727272727,538
2012,IND,66,3.303030303030303,538
2012,LAC,66,2.5606060606060606,538
2012,LAL,66,1.4242424242424243,538
2012,MEM,66,2.015151515151515,538
2012,MIA,66,5.984848484848484,538
2012,MIL,66,0.2727272727272727,538
2012,MIN,66,-2.196969696969697,538
2012,NJN,66,-5.984848484848484,538
2012,NOH,66,-3.757575757575758,538
2012,NYK,66,3.196969696969697,538
2012,OKC,66,6.121212121212121,538
2012,ORL,66,0.7878787878787878,538
2012,PHI,66,4.242424242424242,538
2012,PHO,66,-0.24242424242424243,538
2012,POR,66,-0.6212121212121212,538
2012,SAC,66,-5.681818181818182,538
2012,SAS,66,7.166666666666667,538
2012,TOR,66,-3.303030303030303,538
2012,UTA,66,0.6212121212121212,538
2012,WAS,66,-4.803030303030303,538
2013,ATL,82,0.4024390243902439,538
2013,BOS,81,-0.2222222222222222,538
2013,BRK,82,1.7804878048780488,538
2013,CHA,82,-9.231707317073171,538
2013,CHI,82,0.3170731707317073,538
2013,CLE,82,-4.682926829268292,538
2013,DAL,82,-0.5975609756097561,538
2013,DEN,82,5.085365853658536,538
2013,DET,82,-3.9878048780487805,538
2013,GSW,82,0.8902439024390244,538
2013,HOU,82,3.475609756097561,538
2013,IND,81,4.0246913580246915,538
2013,LAC,82,6.451219512195122,538
2013,LAL,82,1.1585365853658536,538
2013,MEM,82,4.146341463414634,538
2013,MIA,82,7.865853658536586,538
2013,MIL,82,-1.5,538
2013,MIN,82,-2.3658536585365852,538
2013,NOH,82,-3.8658536585365852,538
2013,NYK,82,4.2317073170731705,538
2013,OKC,82,9.207317073170731,538
2013,ORL,82,-6.987804878048781,538
2013,PHI,82,-3.341463414634146,538
2013,PHO,82,-6.463414634146342,538
2013,POR,82,-3.1707317073170733,538
2013,SAC,82,-4.878048780487805,538
2013,SAS,82,6.402439024390244,538
2013,TOR,82,-1.475609756097561,538
2013,UTA,82,-0.08536585365853659,538
2013,WAS,82,-2.5365853658536586,538
2014,ATL,82,-0.47560975609756095,538
2014,BOS,82,-4.463414634146342,538
2014,BRK,82,-1.0,538
2014,CHA,82,-0.21951219512195122,538
2014,CHI,82,1.853658536585366,538
2014,CLE,82,-3.292682926829268,538
2014,DAL,82,2.402439024390244,538
2014,DEN,82,-2.1463414634146343,538
2014,DET,82,-3.658536585365854,538
2014,GSW,82,4.804878048780488,538
2014,HOU,82,4.560975609756097,538
2014,IND,82,4.402439024390244,538
2014,LAC,82,6.975609756097561,538
2014,LAL,82,-6.2926829268292686,538
2014,MEM,82,1.5731707317073171,538
2014,MIA,82,4.7560975609756095,538
2014,MIL,82,-8.182926829268293,538
2014,MIN,82,2.6707317073170733,538
2014,NOP,82,-2.707317073170732,538
2014,NYK,82,-0.7926829268292683,538
2014,OKC,82,6.341463414634147,538
2014,ORL,82,-5.439024390243903,538
2014,PHI,82,-10.451219512195122,538
2014,PHO,82,2.6341463414634148,538
2014,POR,82,3.9878048780487805,538
2014,SAC,82,-2.902439024390244,538
2014,SAS,82,7.719512195121951,538
2014,TOR,82,3.2439024390243905,538
2014,UTA,82,-7.170731707317073,538
2014,WAS,82,1.2682926829268293,538
2015,ATL,82,5.426829268292683,538
2015,BOS,82,0.15853658536585366,538
2015,BRK,82,-2.8780487804878048,538
2015,CHI,82,3.0,538
2015,CHO,82,-3.1707317073170733,538
2015,CLE,82,4.475609756097561,538
2015,DAL,82,2.902439024390244,538
2015,DEN,82,-3.548780487804878,538
2015,DET,82,-1.0,538
2015,GSW,82,10.097560975609756,538
2015,HOU,82,3.4390243902439024,538
2015,IND,82,0.2804878048780488,538
2015,LAC,82,6.585365853658536,538
2015,LAL,82,-6.841463414634147,538
2015,MEM,82,3.2439024390243905,538
2015,MIA,82,-2.597560975609756,538
2015,MIL,82,0.4268292682926829,538
2015,MIN,82,-8.792682926829269,538
2015,NOP,82,0.7926829268292683,538
2015,NYK,82,-9.317073170731707,538
2015,OKC,82,2.182926829268293,538
2015,ORL,82,-5.719512195121951,538
2015,PHI,82,-8.975609756097562,538
2015,PHO,82,-0.9024390243902439,538
2015,POR,82,4.2317073170731705,538
2015,SAC,82,-3.707317073170732,538
2015,SAS,82,6.195121951219512,538
2015,TOR,82,3.073170731707317,538
2015,UTA,82,0.21951219512195122,538
2015,WAS,82,0.7195121951219512,538
2016,ATL,82,3.6097560975609757,nba2010_2024
2016,BOS,82,3.207317073170732,nba2010_2024
2016,BRK,82,-7.353658536585366,nba2010_2024
2016,CHI,82,-1.475609756097561,nba2010_2024
2016,CHO,82,2.7195121951219514,nba2010_2024
2016,CLE,82,6.0,nba2010_2024
2016,DAL,82,-0.3048780487804878,nba2010_2024
2016,DEN,82,-3.097560975609756,nba2010_2024
2016,DET,82,0.6097560975609756,nba2010_2024
2016,GSW,82,10.75609756097561,nba2010_2024
2016,HOU,82,0.1951219512195122,nba2010_2024
2016,IND,82,1.7073170731707317,nba2010_2024
2016,LAC,82,4.280487804878049,nba2010_2024
2016,LAL,82,-9.560975609756097,nba2010_2024
2016,MEM,82,-2.2439024390243905,nba2010_2024
2016,MIA,82,1.646341463414634,nba2010_2024
2016,MIL,82,-4.182926829268292,nba2010_2024
2016,MIN,82,-3.5365853658536586,nba2010_2024
2016,NOP,82,-3.792682926829268,nba2010_2024
2016,NYK,82,-2.731707317073171,nba2010_2024
2016,OKC,82,7.280487804878049,nba2010_2024
2016,ORL,82,-1.6219512195121952,nba2010_2024
2016,PHI,82,-10.231707317073171,nba2010_2024
2016,PHO,82,-6.658536585365853,nba2010_2024
2016,POR,82,0.8292682926829268,nba2010_2024
2016,SAC,82,-2.475609756097561,nba2010_2024
2016,SAS,82,10.634146341463415,nba2010_2024
2016,TOR,82,4.5,nba2010_2024
2016,UTA,82,1.7926829268292683,nba2010_2024
2016,WAS,82,-0.5,nba2010_2024
2017,ATL,82,-0.8536585365853658,nba2010_2024
2017,BOS,82,2.6341463414634148,nba2010_2024
2017,BRK,82,-6.7317073170731705,nba2010_2024
2017,CHI,82,0.4268292682926829,nba2010_2024
2017,CHO,82,0.1951219512195122,nba2010_2024
2017,CLE,82,3.182926829268293,nba2010_2024
2017,DAL,82,-2.926829268292683,nba2010_2024
2017,DEN,82,0.5121951219512195,nba2010_2024
2017,DET,82,-1.1219512195121952,nba2010_2024
2017,GSW,82,11.634146341463415,nba2010_2024
2017,HOU,82,5.7682926829268295,nba2010_2024
2017,IND,82,-0.21951219512195122,nba2010_2024
2017,LAC,82,4.2926829268292686,nba2010_2024
2017,LAL,82,-6.878048780487805,nba2010_2024
2017,MEM,82,0.4878048780487805,nba2010_2024
2017,MIA,82,1.0609756097560976,nba2010_2024
2017,MIL,82,-0.18292682926829268,nba2010_2024
2017,MIN,82,-1.1097560975609757,nba2010_2024
2017,NOP,82,-2.097560975609756,nba2010_2024
2017,NYK,82,-3.6707317073170733,nba2010_2024
2017,OKC,82,0.7560975609756098,nba2010_2024
2017,ORL,82,-6.573170731707317,nba2010_2024
2017,PHI,82,-5.695121951219512,nba2010_2024
2017,PHO,82,-5.634146341463414,nba2010_2024
2017,POR,82,-0.524390243902439,nba2010_2024
2017,SAC,82,-3.8780487804878048,nba2010_2024
2017,SAS,82,7.195121951219512,nba2010_2024
2017,TOR,82,4.2073170731707314,nba2010_2024
2017,UTA,82,3.9390243902439024,nba2010_2024
2017,WAS,82,1.8048780487804879,nba2010_2024
2018,ATL,82,-5.451219512195122,nba2010_2024
2018,BOS,82,3.5853658536585367,nba2010_2024
2018,BRK,82,-3.7439024390243905,nba2010_2024
2018,CHI,82,-7.036585365853658,nba2010_2024
2018,CHO,82,0.25609756097560976,nba2010_2024
2018,CLE,82,0.9390243902439024,nba2010_2024
2018,DAL,82,-3.0365853658536586,nba2010_2024
2018,DEN,82,1.475609756097561,nba2010_2024
2018,DET,82,-0.14634146341463414,nba2010_2024
2018,GSW,82,5.975609756097561,nba2010_2024
2018,HOU,82,8.475609756097562,nba2010_2024
2018,IND,82,1.3780487804878048,nba2010_2024
2018,LAC,82,0.036585365853658534,nba2010_2024
2018,LAL,82,-1.548780487804878,nba2010_2024
2018,MEM,82,-6.2073170731707314,nba2010_2024
2018,MIA,82,0.47560975609756095,nba2010_2024
2018,MIL,82,-0.3048780487804878,nba2010_2024
2018,MIN,82,2.231707317073171,nba2010_2024
2018,NOP,82,1.3048780487804879,nba2010_2024
2018,NYK,82,-3.5609756097560976,nba2010_2024
2018,OKC,82,3.4146341463414633,nba2010_2024
2018,ORL,82,-4.817073170731708,nba2010_2024
2018,PHI,82,4.5,nba2010_2024
2018,PHO,82,-9.365853658536585,nba2010_2024
2018,POR,82,2.597560975609756,nba2010_2024
2018,SAC,82,-6.987804878048781,nba2010_2024
2018,SAS,82,2.8902439024390243,nba2010_2024
2018,TOR,82,7.780487804878049,nba2010_2024
2018,UTA,82,4.304878048780488,nba2010_2024
2018,WAS,82,0.5853658536585366,nba2010_2024
2019,ATL,82,-6.024390243902439,nba2010_2024
2019,BOS,82,4.439024390243903,nba2010_2024
2019,BRK,82,-0.07317073170731707,nba2010_2024
2019,CHI,82,-8.414634146341463,nba2010_2024
2019,CHO,82,-1.0975609756097562,nba2010_2024
2019,CLE,82,-9.609756097560975,nba2010_2024
2019,DAL,82,-1.2804878048780488,nba2010_2024
2019,DEN,82,3.951219512195122,nba2010_2024
2019,DET,82,-0.24390243902439024,nba2010_2024
2019,GSW,82,6.463414634146342,nba2010_2024
2019,HOU,82,4.7682926829268295,nba2010_2024
2019,IND,82,3.3292682926829267,nba2010_2024
2019,LAC,82,0.8536585365853658,nba2010_2024
2019,LAL,82,-1.7195121951219512,nba2010_2024
2019,MEM,82,-2.597560975609756,nba2010_2024
2019,MIA,82,-0.23170731707317074,nba2010_2024
2019,MIL,82,8.865853658536585,nba2010_2024
2019,MIN,82,-1.5,nba2010_2024
2019,NOP,82,-1.329268292682927,nba2010_2024
2019,NYK,82,-9.207317073170731,nba2010_2024
2019,OKC,82,3.402439024390244,nba2010_2024
2019,ORL,82,0.7073170731707317,nba2010_2024
2019,PHI,82,2.6951219512195124,nba2010_2024
2019,PHO,82,-9.341463414634147,nba2010_2024
2019,POR,82,4.195121951219512,nba2010_2024
2019,SAC,82,-1.1219512195121952,nba2010_2024
2019,SAS,82,1.6829268292682926,nba2010_2024
2019,TOR,82,6.085365853658536,nba2010_2024
2019,UTA,82,5.2560975609756095,nba2010_2024
2019,WAS,82,-2.902439024390244,nba2010_2024
2020,ATL,67,-7.970149253731344,nba2010_2024
2020,BOS,72,6.305555555555555,nba2010_2024
2020,BRK,72,-0.5694444444444444,nba2010_2024
2020,CHI,65,-3.076923076923077,nba2010_2024
2020,CHO,65,-6.753846153846154,nba2010_2024
2020,CLE,65,-7.892307692307693,nba2010_2024
2020,DAL,75,4.946666666666666,nba2010_2024
2020,DEN,73,2.1095890410958904,nba2010_2024
2020,DET,66,-3.5606060606060606,nba2010_2024
2020,GSW,65,-8.707692307692307,nba2010_2024
2020,HOU,72,2.9583333333333335,nba2010_2024
2020,IND,73,1.9589041095890412,nba2010_2024
2020,LAC,72,6.444444444444445,nba2010_2024
2020,LAL,71,5.788732394366197,nba2010_2024
2020,MEM,73,-1.0684931506849316,nba2010_2024
2020,MIA,73,2.9452054794520546,nba2010_2024
2020,MIL,73,10.082191780821917,nba2010_2024
2020,MIN,64,-4.296875,nba2010_2024
2020,NOP,72,-1.2916666666666667,nba2010_2024
2020,NYK,66,-6.454545454545454,nba2010_2024
2020,OKC,72,1.9861111111111112,nba2010_2024
2020,ORL,73,-1.0136986301369864,nba2010_2024
2020,PHI,73,2.3835616438356166,nba2010_2024
2020,PHO,73,0.2191780821917808,nba2010_2024
2020,POR,74,-1.1486486486486487,nba2010_2024
2020,SAC,72,-2.0416666666666665,nba2010_2024
2020,SAS,71,-1.1126760563380282,nba2010_2024
2020,TOR,72,6.236111111111111,nba2010_2024
2020,UTA,72,2.4722222222222223,nba2010_2024
2020,WAS,72,-4.666666666666667,nba2010_2024
2021,ATL,72,2.3194444444444446,nba2010_2024
2021,BOS,72,1.4583333333333333,nba2010_2024
2021,BRK,72,4.5,nba2010_2024
2021,CHI,72,-0.8888888888888888,nba2010_2024
2021,CHO,72,-1.9305555555555556,nba2010_2024
2021,CLE,72,-8.444444444444445,nba2010_2024
2021,DAL,72,2.263888888888889,nba2010_2024
2021,DEN,72,4.930555555555555,nba2010_2024
2021,DET,72,-4.472222222222222,nba2010_2024
2021,GSW,72,1.0555555555555556,nba2010_2024
2021,HOU,72,-7.902777777777778,nba2010_2024
2021,IND,72,-0.041666666666666664,nba2010_2024
2021,LAC,72,6.180555555555555,nba2010_2024
2021,LAL,72,2.7916666666666665,nba2010_2024
2021,MEM,72,1.0277777777777777,nba2010_2024
2021,MIA,72,0.027777777777777776,nba2010_2024
2021,MIL,72,5.888888888888889,nba2010_2024
2021,MIN,72,-5.555555555555555,nba2010_2024
2021,NOP,72,-0.2916666666666667,nba2010_2024
2021,NYK,72,2.3055555555555554,nba2010_2024
2021,OKC,72,-10.63888888888889,nba2010_2024
2021,ORL,72,-9.305555555555555,nba2010_2024
2021,PHI,72,5.583333333333333,nba2010_2024
2021,PHO,72,5.819444444444445,nba2010_2024
2021,POR,72,1.7916666666666667,nba2010_2024
2021,SAC,72,-3.6805555555555554,nba2010_2024
2021,SAS,72,-1.7361111111111112,nba2010_2024
2021,TOR,72,-0.4722222222222222,nba2010_2024
2021,UTA,72,9.25,nba2010_2024
2021,WAS,72,-1.8333333333333333,nba2010_2024
2022,ATL,82,1.5609756097560976,nba2010_2024
2022,BOS,82,7.280487804878049,nba2010_2024
2022,BRK,82,0.7804878048780488,nba2010_2024
2022,CHI,82,-0.3902439024390244,nba2010_2024
2022,CHO,82,0.43902439024390244,nba2010_2024
2022,CLE,82,2.1219512195121952,nba2010_2024
2022,DAL,82,3.3048780487804876,nba2010_2024
2022,DEN,82,2.3048780487804876,nba2010_2024
2022,DET,82,-7.719512195121951,nba2010_2024
2022,GSW,82,5.536585365853658,nba2010_2024
2022,HOU,82,-8.475609756097562,nba2010_2024
2022,IND,82,-3.475609756097561,nba2010_2024
2022,LAC,82,0.024390243902439025,nba2010_2024
2022,LAL,82,-3.048780487804878,nba2010_2024
2022,MEM,82,5.682926829268292,nba2010_2024
2022,MIA,82,4.451219512195122,nba2010_2024
2022,MIL,82,3.3536585365853657,nba2010_2024
2022,MIN,82,2.6341463414634148,nba2010_2024
2022,NOP,82,-0.9878048780487805,nba2010_2024
2022,NYK,82,-0.12195121951219512,nba2010_2024
2022,OKC,82,-8.097560975609756,nba2010_2024
2022,ORL,82,-8.0,nba2010_2024
2022,PHI,82,2.6097560975609757,nba2010_2024
2022,PHO,82,7.5,nba2010_2024
2022,POR,82,-8.878048780487806,nba2010_2024
2022,SAC,82,-5.463414634146342,nba2010_2024
2022,SAS,82,0.12195121951219512,nba2010_2024
2022,TOR,82,2.292682926829268,nba2010_2024
2022,UTA,82,6.036585365853658,nba2010_2024
2022,WAS,82,-3.3780487804878048,nba2010_2024
2023,ATL,82,0.2926829268292683,nba2010_2024
2023,BOS,82,6.524390243902439,nba2010_2024
2023,BRK,82,0.8536585365853658,nba2010_2024
2023,CHI,82,1.2926829268292683,nba2010_2024
2023,CHO,82,-6.2439024390243905,nba2010_2024
2023,CLE,82,5.378048780487805,nba2010_2024
2023,DAL,82,0.07317073170731707,nba2010_2024
2023,DEN,82,3.3292682926829267,nba2010_2024
2023,DET,82,-8.21951219512195,nba2010_2024
2023,GSW,82,1.8048780487804879,nba2010_2024
2023,HOU,82,-7.853658536585366,nba2010_2024
2023,IND,82,-3.182926829268293,nba2010_2024
2023,LAC,82,0.5,nba2010_2024
2023,LAL,82,0.573170731707317,nba2010_2024
2023,MEM,82,3.9390243902439024,nba2010_2024
2023,MIA,82,-0.3170731707317073,nba2010_2024
2023,MIL,82,3.6341463414634148,nba2010_2024
2023,MIN,82,-0.036585365853658534,nba2010_2024
2023,NOP,82,1.8902439024390243,nba2010_2024
2023,NYK,82,2.926829268292683,nba2010_2024
2023,OKC,82,1.0853658536585367,nba2010_2024
2023,ORL,82,-2.5609756097560976,nba2010_2024
2023,PHI,82,4.317073170731708,nba2010_2024
2023,PHO,82,2.073170731707317,nba2010_2024
2023,POR,82,-4.012195121951219,nba2010_2024
2023,SAC,82,2.6463414634146343,nba2010_2024
2023,SAS,82,-10.036585365853659,nba2010_2024
2023,TOR,82,1.475609756097561,nba2010_2024
2023,UTA,82,-0.9390243902439024,nba2010_2024
2023,WAS,82,-1.2073170731707317,nba2010_2024
2024,ATL,82,-2.182926829268293,nba2010_2024
2024,BOS,82,11.341463414634147,nba2010_2024
2024,BRK,82,-2.8902439024390243,nba2010_2024
2024,CHI,82,-1.4390243902439024,nba2010_2024
2024,CHO,82,-10.24390243902439,nba2010_2024
2024,CLE,82,2.4146341463414633,nba2010_2024
2024,DAL,82,2.207317073170732,nba2010_2024
2024,DEN,82,5.2560975609756095,nba2010_2024
2024,DET,82,-9.109756097560975,nba2010_2024
2024,GSW,82,2.6097560975609757,nba2010_2024
2024,HOU,82,1.1219512195121952,nba2010_2024
2024,IND,82,3.048780487804878,nba2010_2024
2024,LAC,82,3.2804878048780486,nba2010_2024
2024,LAL,82,0.5975609756097561,nba2010_2024
2024,MEM,82,-7.0,nba2010_2024
2024,MIA,82,1.7560975609756098,nba2010_2024
2024,MIL,82,2.6219512195121952,nba2010_2024
2024,MIN,82,6.451219512195122,nba2010_2024
2024,NOP,82,4.414634146341464,nba2010_2024
2024,NYK,82,4.585365853658536,nba2010_2024
2024,OKC,82,7.414634146341464,nba2010_2024
2024,ORL,82,2.024390243902439,nba2010_2024
2024,PHI,82,3.048780487804878,nba2010_2024
2024,PHO,82,3.0609756097560976,nba2010_2024
2024,POR,82,-9.024390243902438,nba2010_2024
2024,SAC,82,1.7439024390243902,nba2010_2024
2024,SAS,82,-6.487804878048781,nba2010_2024
2024,TOR,82,-6.439024390243903,nba2010_2024
2024,UTA,82,-4.890243902439025,nba2010_2024
2024,WAS,82,-9.292682926829269,nba2010_2024
